Date,Close,High,Low,Open,Volume
20130102,70.84,71.02,70.3,71.02,12875582
20130103,70.74,71,70.445,70.98,9598228
20130104,71.55,71.73,71.01,71.24,11634731
20130107,71.4,71.53,71.19,71.5,7548751
20130108,71.41,71.65,71.25,71.31,9830721
20130109,71.73,71.85,71.5,71.64,7673216
20130110,72.19,72.38,71.74,71.81,11891155
20130111,72.35,72.58,72.16,72.19,7766724
20130114,72.56,72.79,72.37,72.6,7385928
20130115,72.37,72.44,72,72.25,7795015
20130116,72.58,72.815002,72.25,72.26,8780055
20130117,72.9,73.01,72.37,72.88,10573077
20130118,73.23,73.23,72.79,72.9,13564396
20130122,72.69,73.21,72.42,72.92,11471537
20130123,72.85,72.91,72.47,72.52,10155089
20130124,73.1,73.23,72.843399,72.96,9369713
20130125,73.92,73.93,73.06,73.13,10421557
20130128,73.62,74,73.43,73.96,9420940
20130129,74.41,74.62,73.64,73.67,12390703
20130130,74.09,74.8,74.01,74.45,9246397
20130131,73.92,74.36,73.78,74.08,10452547
20130201,74.18,74.42,74.08,74.14,10019482
20130204,74.11,74.25,73.56,73.56,9200667
20130205,74.66,74.82,74.47,74.49,10230794
20130206,75.39,75.39,74.52,74.57,12083995
20130207,75.06,75.2,74.68,74.82,9798177
20130208,75.48,75.61,74.73,75.17,8153554
20130211,75.41,75.5,75.05,75.28,5697146
20130212,75.8,75.86,75.42,75.42,7598878
20130213,75.66,75.87,75.37,75.79,8014888
20130214,75.81,76.09,75.38,75.5,9681846
20130215,76.16,76.16,75.51,75.72,10529175
20130219,76.96,77,75.96,76.03,9747837
20130220,76.65,76.97,76.54,76.79,7857956
20130221,76.87,77.02,76.38,76.47,9465751
20130222,76.25,76.49,75.97,76.39,8573799
20130225,75.57,76.66,75.57,76.47,10603690
20130226,75.75,76.34,75.5,75.88,10743510
20130227,76.32,76.45,75.6,75.68,8180984
20130228,76.11,76.49,76.11,76.23,11810994
20130301,76.7,76.77,75.73,75.79,9528747
20130304,77.2,77.28,76.73,76.73,12628151
20130305,77.66,77.71,77.44,77.56,9399329
20130306,77.39,77.74,77.22,77.69,8536851
20130307,77.75,77.96,77.59,77.62,7996589
20130308,78.19,78.22,77.7,77.84,8555429
20130311,78.44,78.52,77.84,77.92,8807527
20130312,78.56,78.69,78.21,78.5,8790845
20130313,78.55,78.67,78.2,78.52,7987068
20130314,79.1,79.1,78.49,78.67,10150106
20130315,79.19,79.24,78.62,78.62,18302440
20130318,78.81,79.19,78.7,78.72,8005857
20130319,78.86,79.09,78.5,78.98,7095710
20130320,79.45,79.61,79.17,79.18,8001282
20130321,79.01,79.5,78.77,79.12,8436540
20130322,79.74,79.74,79.02,79.11,6878401
20130325,79.68,79.94,79.47,79.83,9616509
20130326,80.85,80.8815,79.85,79.93,12683054
20130327,81.27,81.35,80.27,80.56,10703798
20130328,81.53,81.59,80.95,81.37,11335093
20130401,81.93,81.964996,81.28,81.39,7379930
20130402,82.69,82.69,81.9,82,10343271
20130403,82.07,82.95,81.57,82.74,12256404
20130404,82.41,82.72,81.925003,82.2,10303575
20130405,82.04,82.11,81.62,81.79,8581618
20130408,81.11,81.39,80.31,81.27,15833564
20130409,81.52,81.75,81.24,81.26,9112685
20130410,82.02,82.2,81.735001,81.83,7583115
20130411,82.32,82.96,82.08,82.14,9882969
20130412,82.74,82.74,82.17,82.25,6989079
20130415,81.71,83.09,81.71,82.72,12385815
20130416,83.44,83.54,82.07,82.33,12620569
20130417,83.9,84.43,83.29,83.36,13695585
20130418,83.18,84.3,83.03,83.96,9921415
20130419,84.49,84.57,83.47,83.51,10787943
20130422,84.83,84.93,84.195,84.59,6989805
20130423,85.45,85.68,84,84.99,8987297
20130424,84.39,85.74,84.28,85.68,9481742
20130425,85.22,85.44,84.34,84.54,8689508
20130426,85.12,85.49,84.805,85.3,6785901
20130429,85.58,85.89,84.91,85.02,8039981
20130430,85.23,85.7,84.89,85.39,12102081
20130501,84.23,85.13,83.88,84.5,12313701
20130502,85.16,85.21,84.17,84.44,8670010
20130503,85.75,85.99,85.45,85.58,9216677
20130506,84.68,85.78,84.55,85.78,8815951
20130507,85.53,85.57,84.63,84.87,9064264
20130508,85.46,85.6,84.93,85.48,8044549
20130509,85.15,85.691002,84.962997,85.45,8342217
20130510,85.76,85.76,85.181,85.29,7595332
20130513,85.85,86.07,85.44,85.56,6631530
20130514,86.97,87.08,85.76,85.76,10363203
20130515,87.64,87.88,86.94,86.94,13445477
20130516,87.45,87.77,87.06,87.33,9441996
20130517,88.09,88.2,87.41,87.47,11439498
20130520,88.01,88.2,87.81,88.1,7235972
20130521,88.59,88.64,87.79,87.94,10099587
20130522,88.46,89.99,88.2,88.7,13827735
20130523,87.21,87.97,87,87.11,14446889
20130524,86.82,87.03,86.49,86.8,10390046
20130528,87.61,88.29,87.27,87.54,8380624
20130529,85.65,87.16,85.14,87.08,11872285
20130530,85.99,86.31,85.68,85.71,7801107
20130531,84.18,85.99,84.18,85.68,13306174
20130603,84.71,84.71,83.37,84.28,11770698
20130604,84.1,85.03,83.56,84.72,9972061
20130605,83.68,85,83.48,83.91,9839006
20130606,84.46,84.46,82.65,83.59,10671700
20130607,84.91,85.18,84.4,84.96,8908932
20130610,85.14,85.71,84.73,85.01,8477075
20130611,84.69,85.02,84.13,84.76,8966971
20130612,83.74,85.5,83.7,85.18,8413294
20130613,84.91,84.96,83.080399,83.6,8573402
20130614,84.91,85.48,84.66,84.71,6357030
20130617,85.63,86.405,84.98,85.37,8429068
20130618,86.36,86.44,85.63,85.75,7234317
20130619,84.86,86.5,84.8,86.43,8288594
20130620,82.62,84.45,82.12,84.21,15173932
20130621,83.2,84.32,82.5,83,20718888
20130624,84.61,85.31,82.81,82.92,14777598
20130625,85.35,85.59,84.54,85.16,11241286
20130626,86.99,87.32,85.94,85.95,11966641
20130627,86.71,87.822403,86.49,87.53,8890595
20130628,85.86,87.38,85.85,86.72,11898240
20130701,86.63,87.64,85.5,85.72,9906010
20130702,86.57,87.2,86.21,86.65,8573755
20130703,86.78,87.04,86.1,86.54,3608615
20130705,87.87,87.88,86.92,87.58,5403977
20130708,88.59,88.99,87.97,88.09,12051769
20130709,88.88,89.08,88.36,88.65,9349609
20130710,89.24,89.48,88.81,88.88,7068374
20130711,89.67,89.93,89,89.81,8941310
20130712,89.99,89.99,89.38,89.69,7592885
20130715,90.4,90.81,89.76,89.91,13344861
20130716,90.4,91.66,90.13,91.04,11413015
20130717,90.13,90.97,89.88,90.58,12835591
20130718,90.17,90.949303,90.06,90.33,8329813
20130719,92.23,92.27,90.05,90.24,12506566
20130722,92.28,92.56,91.61,92.08,9916889
20130723,92.42,92.855003,92.11,92.39,8467942
20130724,92.36,92.66,91.75,92.65,6846208
20130725,92.57,92.75,91.75,92,7369026
20130726,92.83,92.93,91.653,92.32,8664440
20130729,93.21,93.39,92.61,92.63,7926934
20130730,93.17,93.97,93.02,93.47,8863157
20130731,93.5,94.42,93.19,93.23,11365794
20130801,93.77,94.4,93.705002,94.16,11098955
20130802,94.39,94.39,93.45,93.56,8503225
20130805,93.8,94.3,93.43,94.05,7192620
20130806,93.81,93.94,93.5,93.88,6415151
20130807,93.66,94.03,93.47,93.6,9060926
20130808,93.34,94.37,92.71,94.27,11090305
20130809,92.36,93.39,91.78,93.39,12135904
20130812,92,92.77,91.754997,92.08,11013016
20130813,93.01,93.35,91.76,91.89,10099808
20130814,90.7,92.95,90.51,92.79,12718622
20130815,89.55,90.41,89.09,90.32,12017159
20130816,89.37,89.802498,88.77,89.13,14100923
20130819,90.45,91.25,89.35,89.47,8687032
20130820,89.73,91.65,89.73,90.55,8559168
20130821,88.8,89.63,88.68,89.47,7941050
20130822,88.26,89.03,88.12,88.76,7192152
20130823,88.41,88.44,87.21,87.93,7714990
20130826,87.53,88.48,87.3899,88.36,6724482
20130827,86.17,87.08,85.96,86.97,9941186
20130828,86.53,86.91,85.88,86.36,8829179
20130829,86.57,87.14,85.99,86.41,5769149
20130830,86.41,86.78,85.85,86.78,7471672
20130903,86.42,87.3,86.03,86.89,7591412
20130904,86.9,87.245003,86.251,86.46,8462549
20130905,87.04,87.17,86.62,87,5656291
20130906,87.16,87.92,86,87.22,10038552
20130909,87.56,87.6,87.01,87.39,6824403
20130910,88.53,88.58,87.85,88.14,8659086
20130911,89.23,89.27,88.144997,88.63,8098584
20130912,89.01,89.57,88.88,89.3,7939042
20130913,88.57,89.25,88.205002,89.13,7738679
20130916,89.03,89.57,88.83,89.43,7581044
20130917,89.06,89.22,88.58,89.05,6292199
20130918,89.91,89.91,88.3,88.91,10116234
20130919,90.07,90.2,89.79,90.05,6721349
20130920,89.68,90.72,89.68,90.2,14724337
20130923,89.09,89.75,88.81,89.43,7376743
20130924,88.22,89.2,88.15,89.02,7797489
20130925,87.08,88.47,87.07,88.42,7494052
20130926,87.07,87.703201,86.72,87.28,6400581
20130927,86.73,86.94,86.44,86.81,5462520
20130930,86.69,86.95,86.15,86.33,7971541
20131001,87.47,87.49,86.26,86.59,6320028
20131002,87.29,87.29,86.44,87.13,6383573
20131003,86.58,87.4,86.28,87.19,7731645
20131004,87.31,87.415001,86.56,86.82,6053847
20131007,86.59,86.98,86.29,86.7,5705238
20131008,85.61,86.74,85.57,86.62,8672305
20131009,85.96,86.23,85.5,85.93,8015121
20131010,87.78,87.78,86.7,86.72,8649144
20131011,89.45,89.48,88.02,88.62,8449844
20131014,89.8,89.89,88.63,88.83,9198573
20131015,89.93,91.46,89.93,90.33,11032666
20131016,91.11,91.17,90.16,90.42,8116016
20131017,91.97,92,90.77,90.87,8575026
20131018,91.63,92.05,91.14,91.75,9082602
20131021,91.2,91.63,90.77,91.63,6940710
20131022,92.36,92.56,91.495003,91.53,9645197
20131023,92.1,92.43,91.52,92.07,6452085
20131024,92.35,92.99,92.14,92.65,5254262
20131025,92.09,92.27,91.78,92.04,6080485
20131028,92.39,92.8,91.92,91.96,6550970
20131029,93.14,93.175003,92.58,92.8,6097163
20131030,92.79,93.45,92.65,93.27,6298491
20131031,92.61,93.35,92.32,92.85,7774133
20131101,93.37,93.579903,92.380096,92.380096,6840971
20131104,93.03,93.5,92.43,93.46,6862730
20131105,92.81,92.95,92.28,92.54,5357054
20131106,93.04,93.2,92.72,93.03,5301288
20131107,92.69,93.35,92.69,93.19,6123007
20131108,94.05,94.1,92.56,92.63,7230331
20131111,94.29,94.64,93.94,93.97,4723327
20131112,93.56,94.09,93,93.98,7643136
20131113,93.34,93.45,92.32,93.36,8954791
20131114,93.92,94.14,93.4,93.4,7045942
20131115,94.39,94.4,93.55,93.63,7068584
20131118,94.3,94.6,94.01,94.36,8491988
20131119,94.86,94.92,94,94.27,6624211
20131120,95.15,95.47,94.66,94.94,7085659
20131121,95.2,95.75,95.046997,95.46,6897627
20131122,95.25,95.58,94.39,94.39,6462244
20131125,95.63,95.99,95.08,95.49,6375396
20131126,95.06,95.87,94.97,95.58,7267610
20131127,94.98,95.37,94.61,95.34,4603769
20131129,94.66,95.5,94.43,95.23,4106795
20131202,94.28,94.659698,93.964996,94.41,5828580
20131203,93.97,94.56,93.51,94.2,9065252
20131204,93.63,94.25,93.13,93.76,6218496
20131205,92.97,93.63,92.66,93.42,8667604
20131206,94.44,94.48,93.42,93.6,7280472
20131209,94.44,94.48,93.7,94.3,6974541
20131210,94.14,94.79,93.96,94.58,7576606
20131211,93.11,94.45,93.03,94.4,9424296
20131212,91.16,92.86,91.07,92.84,12285664
20131213,91.35,91.855003,91.08,91.46,7909466
20131216,91.37,92.32,91.16,91.42,6623019
20131217,90.66,91.33,90.5,91.3,8793968
20131218,92.64,92.66,89.77,90.95,9692564
20131219,91.98,92.4,91.415001,92.4,7339601
20131220,92.09,92.75,91.95,91.95,11264971
20131223,92.03,92.68,91.76,92.56,5320255
20131224,92.06,92.39,91.85,92.18,3147331
20131226,92.54,92.54,91.77,91.99,3459501
20131227,92.35,92.96,92.18,92.77,3511614
20131230,92.3,92.3,91.73,92.16,4370142
20131231,91.59,92.216003,91.151001,92.17,6348274
20140101,91.59,92.216,91.151,92.17,6348274
20140102,91.03,91.73,91.01,91.14,5921167
20140103,91.85,92.22,91.26,91.29,5637762
20140105,91.85,92.22,91.26,91.29,5637762
20140106,92.33,92.75,91.87,91.93,7467811
20140107,94.29,94.62,92.99,93.04,11089742
20140108,94.16,94.6,93.88,94.17,9097188
20140109,94.73,95.38,94.09,94.94,7952774
20140110,94.74,94.975,94.14,94.64,6700178
20140112,94.74,94.975,94.14,94.64,6700178
20140113,94.5,94.99,94.06,94.37,9594869
20140114,94.72,94.9,94.32,94.6,7567457
20140115,94.8,95.2701,94.51,94.65,7423588
20140116,94.64,95.0884,94.23,94.6,8401397
20140117,95.06,95.17,94.38,94.72,13815121
20140119,95.06,95.17,94.38,94.72,13815121
20140120,95.06,95.17,94.38,94.72,13815121
20140121,94.03,95.1,92.62,94.93,16368694
20140122,94.32,94.55,93.54,93.99,8897354
20140123,92.74,93.8,92.41,93.74,9322328
20140124,90.61,92.61,90.61,92.12,10661597
20140126,90.61,92.61,90.61,92.12,10661597
20140127,89.94,90.76,89.85,90.3,8692336
20140128,90.1,90.6,89.79,90.58,8279490
20140129,88.9,89.71,88.53,89.47,11168264
20140130,89.5,89.78,89.01,89.62,6876827
20140131,88.47,89.34,88.15,89.01,12198893
20140202,88.47,89.34,88.15,89.01,12198893
20140203,86.78,88.78,86.61,88.75,13950813
20140204,86.62,87.28,86.09,86.93,11438774
20140205,87.28,87.67,86.48,86.49,10678430
20140206,88.75,88.76,87.55,87.63,10038015
20140207,90.04,90.04,88.61,88.92,9526254
20140209,90.04,90.04,88.61,88.92,9526254
20140210,91.07,91.08,89.8,90.24,8080445
20140211,92.97,92.97,90.95,91.09,11581143
20140212,92.42,92.99,91.95,92.95,7699343
20140213,92.56,92.62,91.71,92,5926351
20140214,92.76,92.945,92.0282,92.6,5524615
20140216,92.76,92.945,92.0282,92.6,5524615
20140217,92.76,92.945,92.0282,92.6,5524615
20140218,92.17,92.85,92.09,92.77,6935397
20140219,91.64,92.75,91.57,92.15,7693621
20140220,92.38,92.73,91.31,91.69,8160140
20140221,91.52,92.245,91.45,91.86,7381439
20140223,91.52,92.245,91.45,91.86,7381439
20140224,91.11,92.06,91.1,91.45,8407203
20140225,91.11,91.87,90.66,91.59,6387063
20140226,91.11,91.54,90.77,91.11,6334213
20140227,91.36,91.42,90.75,91.16,7040593
20140228,92.12,92.64,91.06,91.42,9644505
20140302,92.12,92.64,91.06,91.42,9644505
20140303,91.56,91.98,90.83,91.13,7506786
20140304,93.34,93.46,92.25,92.47,8796989
20140305,92.59,93.3,92.38,93.27,6843672
20140306,92.89,93.65,92.82,93.19,7718786
20140307,93.32,93.48,92.6901,93.37,6792275
20140309,93.32,93.48,92.6901,93.37,6792275
20140310,93.45,93.49,92.79,93.17,4880978
20140311,93.49,93.75,93.09,93.71,5837194
20140312,93.6,93.62,92.65,92.82,6159381
20140313,93,94.2,92.98,93.85,7659366
20140314,92.81,93.44,92.46,92.88,7337843
20140316,92.81,93.44,92.46,92.88,7337843
20140317,93.93,94.18,93.18,93.26,5876845
20140318,93.94,94.24,93.48,93.9,5891904
20140319,93.59,94.36,92.92,93.89,5937603
20140320,94.12,94.19,92.96,93.52,5727520
20140321,95.93,95.93,93.88,94.77,24005402
20140323,95.93,95.93,93.88,94.77,24005402
20140324,95.2,95.43,94.54,95.3,13949809
20140325,97.38,97.7,95.7,95.7,14167327
20140326,97.05,98.47,97.05,97.51,11215165
20140327,97.28,97.7,96.26,97.08,8694613
20140328,97.44,98.22,96.96,97.51,8815993
20140329,97.44,0,0,97.51,0
20140330,97.44,98.22,96.96,97.51,8815993
20140331,98.23,98.6,97.61,98,7545682
20140401,97.94,98.68,97.37,98.31,7068696
20140402,98.23,98.39,97.37,98.01,7995623
20140403,98.26,98.34,97.53,97.97,5476117
20140404,98.42,99.38,98.32,98.62,10310236
20140406,98.42,99.38,98.32,98.62,10310236
20140407,97.89,99.36,97.83,98.39,11410399
20140408,98.06,98.725,97.5,98.03,9601881
20140409,98.95,99,97.78,98.42,8921922
20140410,96.54,98.93,96.52,98.86,9668076
20140411,96.87,97.199,96.05,96.2,8711166
20140413,96.87,97.199,96.05,96.2,8711166
20140414,97.14,97.36,96.25,97.28,8617844
20140415,99.2,99.21,98.05,98.45,14005235
20140416,98.75,99.71,98.07,99.57,11308070
20140417,98.96,99.65,98.69,98.69,9153584
20140420,98.96,99.65,98.69,98.69,9153584
20140421,100,100.13,98.67,99.01,7032062
20140422,100.18,100.75,99.74,100,7937911
20140423,100.22,100.56,99.92,100.24,5880223
20140424,99.96,100.37,99.55,100.24,6154027
20140425,99.79,100.26,99.4,99.97,5897880
20140427,99.79,100.26,99.4,99.97,5897880
20140428,101.34,101.5,100.1201,100.56,8793329
20140429,101.03,101.98,100.96,101.63,7811264
20140430,101.29,101.67,100.7,100.84,8519913
20140501,100.53,101.03,99.93,100.77,6590499
20140502,99.31,100.38,98.88,100.17,8744242
20140504,99.31,100.38,98.88,100.17,8744242
20140505,100,100.17,99.04,99.29,5438240
20140506,99.51,100.02,99.51,100.02,5795969
20140507,100.91,101.045,99.35,99.85,8720814
20140508,100.5,101.09,100.36,100.67,5668825
20140509,100.91,101.25,100.41,100.86,5691707
20140511,100.91,101.25,100.41,100.86,5691707
20140512,100.52,101.24,100.42,101.24,7437341
20140513,101.02,101.49,100.625,100.9,6183174
20140514,100.87,101.1,100.77,100.95,4187810
20140515,100.69,100.84,100.41,100.64,7011935
20140516,100.58,100.89,100.14,100.57,6517090
20140518,100.58,100.89,100.14,100.57,6517090
20140519,100.64,100.93,100.125,100.22,6997400
20140520,100.25,100.98,99.96,100.81,5438763
20140521,101.14,101.2,100.53,100.6,5302472
20140522,100.96,101.01,100.08,100.58,5124957
20140523,100.98,101.16,100.67,101.04,5276064
20140525,100.98,101.16,100.67,101.04,5276064
20140526,100.98,101.16,100.67,101.04,5276064
20140527,100.81,101.36,100.265,101.1,4524361
20140528,100.3,100.93,100.12,100.67,4353776
20140529,100.76,100.795,100.15,100.56,3685692
20140530,101.46,101.54,100.55,100.7,5972931
20140601,101.46,101.54,100.55,100.7,5972931
20140602,102.17,102.26,101.01,101.54,5852618
20140603,102.46,102.6,101.84,101.91,6683665
20140604,102.68,102.71,101.94,102.23,5608597
20140605,103.22,103.36,102.42,102.78,4731051
20140606,103.18,103.33,102.8386,103.25,4625104
20140607,103.22,103.36,102.42,102.78,4731051
20140609,103.22,103.23,102.68,103.07,3748814
20140610,104.1,104.12,102.77,103.47,5797720
20140611,103.32,104.15,103.133,103.81,5960610
20140612,102.53,103.21,102.51,103.18,5935011
20140613,102.53,102.65,102.17,102.51,4302188
20140616,102.45,102.89,101.84,102.52,5645516
20140617,101.93,102.2,101.38,102.13,4835591
20140618,102.81,102.83,101.8603,101.91,5449119
20140619,103.81,103.87,102.81,102.93,5481511
20140620,105.27,105.48,104.07,104.37,12464629
20140623,104.75,105.12,104.44,104.91,6066848
20140624,104.59,105.23,104.55,104.63,5915291
20140625,105.76,105.87,104.23,104.23,6411062
20140626,105.65,105.97,105.03,105.84,5106917
20140627,104.99,105.59,104.45,105.47,6462995
20140630,104.62,106,104.52,105.62,6944226
20140701,105.87,106,104.99,105.15,5133942
20140702,105.86,105.97,105.295,105.7,3764939
20140703,105.42,106.25,105.11,105.87,4199082
20140707,106.47,106.74,105.27,105.42,7018503
20140708,105.72,106.25,105.52,106.21,6268373
20140709,106.04,106.21,105.72,106,5721371
20140710,105.8,106,104.52,105.08,4955123
20140711,105.1,106.009,104.86,105.84,5464127
20140714,105.38,105.49,105.11,105.38,7786696
20140715,103.28,105.47,102.77,105.23,14224802
20140716,102.22,103.67,101.95,103.53,11947879
20140717,100.37,102.1,100.26,101.9,11226538
20140718,101.8,101.96,100.37,100.67,8408731
20140721,101.27,101.58,101.02,101.44,6386413
20140722,102.47,102.54,101.78,101.91,6554213
20140723,102.19,102.93,101.8832,102.8,4815975
20140724,102.2,102.73,102.02,102.34,5177227
20140725,102.11,102.4,101.8,102.27,3952062
20140728,102.11,102.4,101.66,101.89,4634905
20140729,101.96,102.51,101.69,102.45,6058738
20140730,102.3,102.85,101.81,102.27,5995785
20140731,100.09,101.84,100.05,101.77,9142218
20140801,99.9,100.41,98.8,99.76,8610725
20140804,100.16,100.375,99.315,99.99,6790846
20140805,99.82,100.24,99.55,99.83,6230883
20140806,100.71,100.83,99.6,99.67,7412322
20140807,99.93,101.19,99.58,101.09,7417911
20140808,101.08,101.15,99.77,100.21,5619629
20140811,101.16,101.78,101.01,101.62,5706553
20140812,100.63,101.22,100.31,101,4577733
20140813,101.74,101.95,101.15,101.15,4563748
20140814,102.02,102.05,101.5,101.89,5239445
20140815,101.17,102.44,100.8,102.21,6986145
20140818,102.7,102.72,101.75,101.92,5981073
20140819,102.96,102.96,102.02,102.73,5670017
20140820,103.21,103.3,102.7,102.87,5183142
20140821,104.19,104.42,103.33,103.33,8357633
20140822,103.1,104.03,102.97,103.63,5076573
20140825,103.23,103.81,103.09,103.23,3678216
20140826,103.44,103.72,103.17,103.47,3512447
20140827,103.22,103.72,102.91,103.6,4786441
20140828,102.95,103.19,102.71,102.9,3485694
20140829,103.73,103.76,103.0069,103.1,5287778
20140902,103.36,103.7097,103.02,103.3,4644820
20140903,103.76,104.1,103.54,103.82,4725840
20140904,103.84,104.1,103.76,103.99,6147742
20140905,104.42,104.42,103.34,103.92,5750803
20140908,104.05,104.58,103.83,104.42,4900319
20140909,103.8,104.4,103.55,104.4,6006566
20140910,104.99,105.34,103.96,104.19,7406861
20140911,104.55,104.89,104.0999,104.78,4835853
20140912,104.58,104.805,103.96,104.54,5931020
20140915,104.72,104.91,104.35,104.59,4525564
20140916,105.88,105.94,104.3,104.49,6081537
20140917,106.19,106.63,105.8,105.88,6627848
20140918,107.35,107.41,106.03,106.18,6628840
20140919,107.99,108.37,107.62,107.89,13033621
20140922,107.88,108.25,107.775,108,5790392
20140923,107.46,108.1,107.19,107.77,8108322
20140924,108.64,108.77,107.34,107.7,5892456
20140925,107.1,108.55,107.07,108.53,5691811
20140926,107.1,107.49,106.2,107.41,4467569
20140929,106.54,106.65,106.04,106.38,6581602
20140930,106.59,107.2099,106.45,106.5,6822524
20141001,104.3,106.28,103.95,105.98,12267373
20141002,103.85,104.54,103.25,104.06,7566157
20141003,105.13,105.19,104.13,104.23,6856127
20141006,104.86,106,104.365,105.68,5016549
20141007,102.39,104.46,102.34,104.46,8409384
20141008,104.91,105.03,102.0401,102.43,8336957
20141009,102.08,104.86,101.79,104.63,10677257
20141010,101.23,102.53,101.23,102.35,9988521
20141013,99.12,101.46,99.02,101.46,10341254
20141014,97.01,100.9,95.34,100.53,20808277
20141015,98.21,98.72,95.1,96.05,21905946
20141016,96.78,98,96.5,96.97,14575531
20141017,98.7,99.15,97.31,97.54,12281405
20141020,99.2,99.2,98.32,98.83,7991982
20141021,100.36,100.38,99.34,99.83,7288282
20141022,101.22,101.79,100.52,101.1,9364649
20141023,102.63,102.98,101.94,102.26,7570675
20141024,103.13,103.29,102.2056,102.95,5973242
20141027,104.07,104.24,103.035,103.07,7044535
20141028,104.79,104.8,103.56,104.55,10347753
20141029,105.56,105.56,104.86,105,8188368
20141030,107.04,107.05,104.91,105.17,9068343
20141031,107.78,108.18,107.26,107.94,10803709
20141103,107.46,108.12,106.75,107.83,7082618
20141104,108.62,108.73,107.34,107.89,9349214
20141105,108.82,109.26,107.95,109.05,6966795
20141106,109.01,109.32,108.55,108.93,6200277
20141107,108.2,109.03,107.92,109,6652571
20141110,108.82,108.92,107.2,108.07,7573288
20141111,108.91,109.4,108.55,108.88,6229047
20141112,108.75,109,108.3862,108.67,4895939
20141113,109.07,109.49,108.5,109.05,4859955
20141114,108.16,109.06,108.01,108.92,5650746
20141117,108.3,108.69,107.61,108,5232983
20141118,108.83,109.06,107.72,108.13,5407151
20141119,108.76,108.81,108.1,108.45,5217829
20141120,108.18,108.57,107.69,108.55,8090667
20141121,107.86,108.73,107.62,108.73,8417378
20141124,106.88,108.23,106.64,107.92,9097994
20141125,106.7,107.19,106.7,106.98,7367894
20141126,107.21,107.25,106.6,106.77,5503702
20141128,108.25,108.82,107.33,107.61,5881239
20141201,108.03,108.813,107.35,107.89,5638779
20141202,108.51,108.53,107.5,107.97,6184380
20141203,107.72,108.99,107.65,108.54,8957411
20141204,107.56,108.3,107.38,108.09,6813598
20141205,108.51,108.74,107.221,107.53,6449739
20141208,108.52,108.88,108.1405,108.42,6500735
20141209,108.05,108.47,106.89,108.22,7214300
20141210,106.24,107.96,106.15,107.61,9416414
20141211,106.72,107.305,105.36,105.85,7114640
20141212,104.43,106.87,104.39,106.65,8334704
20141215,103.96,105.06,103.63,104.77,12110559
20141216,102.76,105.21,102.5,103.48,10212440
20141217,104.07,104.49,102.7,103.27,10207637
20141218,106.81,106.82,104.74,105.62,11756825
20141219,105.55,107.39,105.5,106.63,19154418
20141222,106.74,106.83,105.67,105.69,8124539
20141223,104.28,106.91,103.92,106.66,10181076
20141224,104.59,105.33,104.38,104.38,3420184
20141226,105.06,105.69,104.69,105.07,2951001
20141229,105.33,105.69,104.61,104.64,4273424
20141230,105.36,105.8,105.06,105.42,4371735
20141231,104.57,106.11,104.54,105.61,6202118
20150102,104.52,105.55,104.13,105.05,5756961
20150105,103.79,104.73,103.682,104.48,8079279
20150106,103.28,104.99,102.94,104.34,7428022
20150107,105.56,105.83,103.81,103.91,7931714
20150108,106.39,106.49,105.75,106.06,9925854
20150109,104.94,106.5,104.75,106.5,7364760
20150112,104.58,105.82,104.3,105.17,6838966
20150113,104.76,106.33,104.24,105.44,10155188
20150114,104,104.43,103.51,103.86,8887694
20150115,102.49,103.93,101.95,102.97,10834811
20150116,104.04,104.62,102,102.06,14092276
20150120,101.29,102.05,100.26,101.55,20467800
20150121,101.9,102.1,100.4,100.56,11702890
20150122,103.76,103.83,101.57,102.39,9036608
20150123,102.2,102.97,101.9397,102.94,10125960
20150126,102.26,102.45,101.21,101.8,8962787
20150127,102.09,102.7671,100.93,101.83,10160531
20150128,101.48,102.93,101.44,102.48,9053222
20150129,102.38,102.46,100.67,101.51,7569330
20150130,100.14,102,100.09,101.58,10676345
20150202,100.83,100.85,99.38,100.49,8990701
20150203,102.46,102.56,101.12,101.4,10005207
20150204,101.36,102.45,101.02,102.12,9514074
20150205,102.46,102.56,101.46,101.57,6642224
20150206,101.1,102.45,100.83,102.11,9215663
20150209,99.78,101.06,99.1,101.06,9851745
20150210,100.35,100.7,99.425,100.19,12275450
20150211,100.38,100.79,99.95,100.46,8177011
20150212,98.44,100.54,97.15,100.5,25835156
20150213,99.62,99.67,98.33,98.44,11153595
20150217,100.44,100.48,99.12,99.39,8627082
20150218,99.96,100.94,99.38,100.7,7878157
20150219,100.7,100.84,99.61,99.95,10028180
20150220,100.26,100.366,99.11,100.18,10085673
20150223,100.18,100.77,99.8,100.74,6878246
20150224,100.7,101.05,100,100.25,6588073
20150225,101.21,101.29,100.16,100.94,9683963
20150226,102.8,103.18,101.22,101.38,11437890
20150227,102.51,103.33,102.48,103.04,8500014
20150302,103.22,103.41,102.7,102.86,7277612
20150303,102.34,103.1,101.81,103.1,6419659
20150304,101.65,102.12,101.17,102.12,8665474
20150305,102.52,103.21,102,102.07,8042336
20150306,100.11,102.43,99.88,102.09,9287621
20150309,100.66,100.92,99.76,100.2,5701032
20150310,99.53,100.44,99.51,99.99,8735543
20150311,98.32,99.83,98.22,99.83,9138141
20150312,99.83,100.24,98.83,98.96,8317991
20150313,99.21,100.05,98.6393,99.85,7821793
20150316,101.06,101.07,99.74,99.74,7726489
20150317,99.89,100.52,99.41,100.11,7301526
20150318,101.46,101.74,99.13,99.89,7972158
20150319,101.69,101.955,100.91,101.04,6863087
20150320,102.4,102.9,101.76,101.87,12432582
20150323,102.98,103.35,102.23,102.47,9015961
20150324,101.96,103.23,101.93,102.83,8390678
20150325,100.34,102.5,100.34,101.85,8443819
20150326,100.14,100.81,99.56,99.95,9972373
20150327,100.34,100.95,100.15,100.28,5847382
20150330,101.55,101.86,100.76,101.08,6060862
20150331,100.6,101.49,100.59,100.97,8027904
20150401,99.15,100.46,98.61,100.46,11367276
20150402,99.64,99.99,98.89,99.44,6097146
20150406,99.16,99.56,98.04,98.84,9697573
20150407,100.1,100.87,99.433,99.55,7900288
20150408,100.16,100.45,99.6,99.84,7354110
20150409,101.33,101.65,100.33,100.57,8073787
20150410,102.06,102.14,100.93,101.33,6786446
20150413,100.55,101.98,100.55,101.54,10749867
20150414,100.52,101.46,100.185,101.05,9321461
20150415,100.6,101.24,100.33,100.54,8236933
20150416,99.79,100.3199,99.77,100.27,7324783
20150417,99.58,99.8515,99.11,99.37,11084197
20150420,100.21,100.88,100.05,100.26,6668421
20150421,100.3,100.99,100.16,100.66,6532643
20150422,100.43,100.8,99.96,100.63,4764283
20150423,100.46,100.82,99.91,100.5,7351494
20150424,101.08,101.529,100,100.11,6566776
20150427,100.58,101.6,100.47,101.16,9113858
20150428,100.74,100.9455,99.31,100.45,7484581
20150429,100.39,100.61,99.9,100.51,8919531
20150430,99.2,100.15,98.77,100.07,10170411
20150501,100.13,100.39,99.62,99.62,6255973
20150504,100.35,100.55,100.16,100.33,5524492
20150505,99.5,100.29,99.29,100.13,8828129
20150506,99.17,99.87,98.66,99.62,8030308
20150507,99.66,100,98.91,98.94,6401552
20150508,101.47,101.67,100.443,100.48,7508622
20150511,101.03,101.66,101.01,101.32,5698876
20150512,100.47,101.05,100.28,100.88,6903070
20150513,100.55,101.13,100.47,100.68,5826540
20150514,101.83,101.87,100.95,100.97,5454009
20150515,102.3,102.32,101.67,101.98,6023443
20150518,103.42,104.34,102.32,102.37,10479526
20150519,103.96,104.12,103.2549,103.66,7723436
20150520,103.6,104.48,103.31,104.42,7144444
20150521,102.42,103.3007,102.34,102.91,6875527
20150522,101.35,102.41,101.33,102.27,6216910
20150526,100.82,101.55,100.58,101.23,7918147
20150527,101.13,101.41,100.8,101.01,9297634
20150528,101.15,101.7,100.81,101.01,5700051
20150529,100.14,101.62,99.83,101.55,9956950
20150601,100.04,100.6,99.72,100.28,7297785
20150602,99.98,100.24,99.1,99.92,8312446
20150603,100.09,100.43,99.84,100.32,5375103
20150604,99.23,100.47,99.06,99.94,8057235
20150605,98.59,99.05,98.2,98.99,7557116
20150608,97.96,98.98,97.96,98.6,7053480
20150609,98.21,98.54,97.8,98.44,7844165
20150610,98.88,99.55,98.2,98.48,10024886
20150611,99.24,99.8,98.83,99.2,6175188
20150612,98.35,99.229,98.12,98.88,8715477
20150615,97.49,97.87,97.01,97.75,6833392
20150616,98.36,98.49,97.1,97.5,6049307
20150617,98.73,99.1199,98.15,98.38,6155753
20150618,100.36,100.55,98.71,98.86,8815676
20150619,99.86,100.2,99.78,99.88,11652639
20150622,100.09,100.84,99.99,100.6,5055771
20150623,99.78,100.36,99.48,100.1,6046622
20150624,99.33,99.81,99.07,99.51,7254687
20150625,99.12,99.98,99.11,99.5,6575332
20150626,99.64,100.13,99.12,99.43,9040744
20150629,97.68,99.35,97.62,98.98,11150872
20150630,97.46,98.45,97.3,98.43,8966606
20150701,98.47,98.675,97.64,98.3,6725444
20150702,98.44,99.02,98.32,98.85,6091746
20150706,98.2,98.5,96.64,97.71,6817541
20150707,98.92,98.98,97.52,98.63,7122469
20150708,97.77,98.59,97.69,98.42,6845528
20150709,98.4,99.5398,98.4,99.05,7316365
20150710,99.53,99.89,99.09,99.78,6969235
20150713,100.27,100.48,99.87,100.05,6984990
20150714,99.78,99.88,98.55,99.26,9889543
20150715,100.42,100.94,99.63,99.76,7990325
20150716,101.11,101.36,100.78,100.95,5774981
20150717,100.08,100.91,99.96,100.89,8053893
20150720,100.37,100.65,100.1,100.5,5014022
20150721,100.34,100.81,100.07,100.6,5891190
20150722,100.18,100.71,99.73,100.41,6721346
20150723,100.2,100.6,100,100.5,5015299
20150724,99.15,99.95,99.05,99.75,6524089
20150727,98.28,98.99,97.915,98.97,8733905
20150728,99.02,99.23,98.42,98.89,7757435
20150729,99.73,100.05,99.05,99.26,7853485
20150730,99.84,100,99.38,99.8,5517401
20150731,100.21,100.98,99.96,100.34,6216815
20150803,100.02,100.21,99.23,100,6172001
20150804,99.8,100.5,99.65,100.41,6005340
20150805,100.52,101,100.35,100.57,4570580
20150806,99.07,100.6,99.01,100.49,6987937
20150807,98.85,99.07,98.16,99.02,6027743
20150810,99.79,100.06,99.45,99.57,6133408
20150811,99.01,99.34,98.77,99.05,6682424
20150812,98.71,98.73,97.41,98.4,7607491
20150813,98.48,98.98,98.15,98.74,5047960
20150814,98.81,98.825,97.8728,98.33,5177260
20150817,99.87,99.88,98.06,98.44,6901809
20150818,99.37,99.68,99.02,99.24,7618826
20150819,99.31,99.99,98.78,99.18,7642349
20150820,98.79,100.1199,98.79,98.95,10618930
20150821,95.56,98.52,95.51,97.22,16140631
20150824,92.82,95.21,81.79,91.08,25633357
20150825,90.73,95.7,90.4,95.69,15670311
20150826,95.11,95.22,91.46,92.91,14738119
20150827,96.22,96.4,94.35,96.1,11131212
20150828,95.17,96.29,94.38,95.93,9200294
20150831,93.98,95.17,93.58,94.88,9083111
20150901,92.09,92.89,91.4601,92.29,14592243
20150902,93.35,93.47,92.5,93.17,11517363
20150903,92.64,94.09,92.26,93.66,9026270
20150904,91.31,91.88,90.5728,91.58,10997086
20150908,93.94,93.98,92.51,93.09,11393769
20150909,92.22,95.16,92.03,94.99,7383421
20150910,92.72,93.48,91.615,92.11,8358704
20150911,92.93,93,91.8,92.44,7381327
20150914,93.32,93.91,92.51,92.9,7948511
20150915,94.4,94.745,93.19,93.79,7030479
20150916,94.61,94.82,93.82,94.49,5630377
20150917,94.84,96.19,94.32,94.53,8258041
20150918,93.39,94.7185,93.25,94.08,14211147
20150921,93.13,94.6,92.37,93.87,7053405
20150922,93.24,93.44,91.8799,92.26,10618620
20150923,92.99,93.7,92.56,93.21,5608170
20150924,92.48,92.94,91.775,92.52,7407488
20150925,91,93.125,90.76,92.93,10794168
20150928,91.37,92.07,89.9,90.7,14332432
20150929,93.04,93.84,91.83,92.24,11519916
20150930,93.35,94.47,92.59,94.13,10969901
20151001,93.17,93.85,91.76,93.43,9675937
20151002,93.93,93.97,91.84,92.14,8367839
20151005,94.76,94.82,94.075,94.19,9419172
20151006,93.42,94.66,92.58,94.52,8365219
20151007,94.98,95.42,93.44,94.26,9466339
20151008,95.08,95.195,93.81,94.71,7090460
20151009,95.37,95.96,94.7775,95.14,8259654
20151012,95.99,96.47,94.98,95.07,8956367
20151013,95.45,96.23,94.31,94.79,12761686
20151014,94.53,95.96,94.12,95.21,8881850
20151015,97.15,97.35,94.86,95,9561691
20151016,98.24,98.31,97.4,97.87,9495231
20151019,97.94,98.2,97.31,98.05,8725430
20151020,97.59,98.25,97.31,97.95,6041789
20151021,97.63,98.22,97.07,97.64,7093295
20151022,99.53,99.81,97.13,97.85,9887849
20151023,100.31,100.88,99.53,99.88,9178572
20151026,99.94,100.28,99.49,100.05,7561550
20151027,100.19,100.9,99.7,99.92,8883164
20151028,100.48,100.48,99.5,100.45,7256217
20151029,101.37,101.53,100.12,100.47,6340702
20151030,101.03,102.12,101.01,101.53,10519739
20151102,102.17,102.34,100.84,101.18,6297929
20151103,101.96,102.3,101.11,101.84,6229002
20151104,101.94,102.39,101.69,101.9,5592309
20151105,102.33,102.49,101.42,102.25,6545575
20151106,101.92,101.92,100.86,101.57,6220880
20151109,100.84,101.59,100.55,101.37,6625850
20151110,101.45,101.76,100.68,101,5114204
20151111,101.86,102.355,101.5,101.78,6284749
20151112,100.27,101.605,100.22,101.14,6918621
20151113,99.88,100.94,99.74,100.04,8517537
20151116,101.22,101.29,100.04,100.38,5755304
20151117,101.5,101.71,100.88,101.34,5124025
20151118,102.67,102.8,101.31,101.53,7146079
20151119,102.49,102.68,102.06,102.66,5162070
20151120,102.48,102.8,102.2,102.49,7671507
20151123,102.77,103,102.19,102.39,6730605
20151124,102.04,102.79,101.81,101.81,7492381
20151125,101.96,102.33,101.96,102.17,5401491
20151127,102.37,102.62,101.79,102.28,2353779
20151130,101.24,102.48,101.24,102.48,8982203
20151201,102.36,102.49,101.12,101.73,7545986
20151202,102.05,102.93,101.99,102.5,6623500
20151203,100.79,102.37,100.31,102.27,12008737
20151204,102.95,103,101.28,101.4,7843609
20151207,103.32,103.49,102.6,102.61,7262911
20151208,102.42,103.24,101.9103,102.98,8005242
20151209,102.15,103.34,101.67,102.14,7947007
20151210,102.64,103.34,101.8,102.3,6477024
20151211,101.68,102.37,101.43,102.37,7796497
20151214,102.15,102.29,100.78,101.645,10640583
20151215,104.13,104.69,102.65,102.65,9283118
20151216,105.25,105.49,103.52,104.64,8178826
20151217,103.64,105.26,103.63,105.16,8740732
20151218,101.95,103.08,101.95,103.08,14905754
20151221,101.58,102.92,100.85,102.34,8321937
20151222,102.71,102.88,101.15,101.91,5581632
20151223,103.49,103.67,102.74,103.11,5531571
20151224,103.72,103.91,103.01,103.12,2546278
20151228,103.22,103.47,102.925,103.18,4062956
20151229,104.03,104.185,103.34,103.34,4229973
20151230,103.78,104.34,103.53,104.11,3847819
20151231,102.72,103.62,102.69,103.37,4592603
